{"cameraMode":{"drawMode":0,"name":"Shaded","section":"Shading Mode"},"sceneLighting":true,"audioPlay":false,"sceneViewState":{"showFog":true,"showMaterialUpdate":false,"showSkybox":true,"showFlares":true,"showImageEffects":true,"showParticleSystems":true},"in2DMode":false,"pivot":{"x":92.75018310546875,"y":7.962005615234375,"z":0.13899999856948853},"rotation":{"x":0.1390046775341034,"y":0.07005927711725235,"z":-0.009858584962785244,"w":0.9877612590789795},"size":193.9967041015625,"orthographic":false}