{"cameraMode":{"drawMode":0,"name":"Shaded","section":"Shading Mode"},"sceneLighting":true,"audioPlay":false,"sceneViewState":{"showFog":true,"showMaterialUpdate":false,"showSkybox":true,"showFlares":true,"showImageEffects":true,"showParticleSystems":true},"in2DMode":false,"pivot":{"x":6.845213890075684,"y":5.211307525634766,"z":11.58851432800293},"rotation":{"x":0.1390046775341034,"y":0.07005927711725235,"z":-0.009858584962785244,"w":0.9877612590789795},"size":23.331863403320314,"orthographic":false}