{"cameraMode":{"drawMode":0,"name":"Shaded","section":"Shading Mode"},"sceneLighting":true,"audioPlay":false,"sceneViewState":{"showFog":true,"showMaterialUpdate":false,"showSkybox":true,"showFlares":true,"showImageEffects":true,"showParticleSystems":true},"in2DMode":false,"pivot":{"x":7.659913539886475,"y":9.2279052734375,"z":-18.107933044433595},"rotation":{"x":0.1390046775341034,"y":0.07005927711725235,"z":-0.009858584962785244,"w":0.9877612590789795},"size":11.988631248474121,"orthographic":false}